Date,Forecast_Sales,Lower_80,Upper_80,Lower_95,Upper_95
2017-12-31,2933.12,0.0,6519.42,0.0,8424.63
2018-01-01,3038.83,0.0,6651.52,0.0,8570.77
2018-01-02,647.06,0.0,4285.96,0.0,6219.13
2018-01-03,205.93,0.0,3870.86,0.0,5817.86
2018-01-04,1351.5,0.0,5042.27,0.0,7002.99
2018-01-05,1793.99,0.0,5510.42,0.0,7484.78
2018-01-06,1518.89,0.0,5260.8,0.0,7248.69
2018-01-07,3968.04,200.82,7735.27,0.0,9736.61
2018-01-08,1860.52,0.0,5652.89,0.0,7667.59
2018-01-09,621.54,0.0,4438.88,0.0,6466.85
2018-01-10,243.96,0.0,4086.12,0.0,6127.27
2018-01-11,1264.81,0.0,5131.63,0.0,7185.87
2018-01-12,1325.2,0.0,5216.52,0.0,7283.78
2018-01-13,1381.26,0.0,5296.92,0.0,7377.12
2018-01-14,2370.8,0.0,6310.65,0.0,8403.71
2018-01-15,1350.15,0.0,5314.06,0.0,7419.88
2018-01-16,618.69,0.0,4606.5,0.0,6725.03
2018-01-17,152.32,0.0,4163.89,0.0,6295.04
2018-01-18,1401.16,0.0,5436.35,0.0,7580.05
2018-01-19,1580.24,0.0,5638.92,0.0,7795.09
2018-01-20,1153.05,0.0,5235.07,0.0,7403.65
2018-01-21,3365.02,0.0,7470.26,0.0,9651.17
2018-01-22,1301.27,0.0,5429.59,0.0,7622.76
2018-01-23,1455.39,0.0,5606.67,0.0,7812.04
2018-01-24,702.96,0.0,4877.07,0.0,7094.57
2018-01-25,1778.04,0.0,5974.85,0.0,8204.41
2018-01-26,1853.06,0.0,6072.46,0.0,8314.02
2018-01-27,2029.05,0.0,6270.91,0.0,8524.41
2018-01-28,2520.67,0.0,6784.88,0.0,9050.24
2018-01-29,1687.47,0.0,5973.91,0.0,8251.08
2018-01-30,1742.1,0.0,6050.66,0.0,8339.57
2018-01-31,1023.23,0.0,5353.78,0.0,7654.39
2018-02-01,2214.38,0.0,6566.83,0.0,8879.07
2018-02-02,2007.86,0.0,6382.08,0.0,8705.89
2018-02-03,1869.04,0.0,6264.94,0.0,8600.26
2018-02-04,1914.93,0.0,6332.4,0.0,8679.18
2018-02-05,1793.28,0.0,6232.2,0.0,8590.38
2018-02-06,1191.78,0.0,5652.06,0.0,8021.59
2018-02-07,689.37,0.0,5170.91,0.0,7551.72
2018-02-08,2350.44,0.0,6853.13,0.0,9245.19
2018-02-09,2303.66,0.0,6827.41,0.0,9230.66
2018-02-10,2502.06,0.0,7046.78,0.0,9461.16
2018-02-11,2287.01,0.0,6852.59,0.0,9278.05
2018-02-12,2178.51,0.0,6764.85,0.0,9201.35
2018-02-13,1771.53,0.0,6378.55,0.0,8826.03
2018-02-14,1251.56,0.0,5879.16,0.0,8337.57
2018-02-15,2175.21,0.0,6823.3,0.0,9292.6
2018-02-16,2114.69,0.0,6783.18,0.0,9263.32
2018-02-17,2094.74,0.0,6783.55,0.0,9274.48
2018-02-18,2208.75,0.0,6917.78,0.0,9419.45
2018-02-19,2297.56,0.0,7026.73,0.0,9539.1
2018-02-20,1722.91,0.0,6472.13,0.0,8995.16
2018-02-21,1839.34,0.0,6608.53,0.0,9142.16
2018-02-22,2028.86,0.0,6817.94,0.0,9362.13
2018-02-23,2213.21,0.0,7022.1,0.0,9576.82
2018-02-24,2218.24,0.0,7046.84,0.0,9612.04
2018-02-25,2140.17,0.0,6988.41,0.0,9564.04
2018-02-26,2274.56,0.0,7142.36,0.0,9728.39
2018-02-27,1863.93,0.0,6751.22,0.0,9347.59
2018-02-28,1118.41,0.0,6025.11,0.0,8631.8
2018-03-01,2666.69,0.0,7592.72,0.0,10209.67
2018-03-02,2412.64,0.0,7357.93,0.0,9985.11
2018-03-03,2167.83,0.0,7132.29,0.0,9769.66
2018-03-04,2147.35,0.0,7130.92,0.0,9778.44
2018-03-05,2206.29,0.0,7208.89,0.0,9866.52
2018-03-06,2049.58,0.0,7071.15,0.0,9738.86
2018-03-07,1608.0,0.0,6648.46,0.0,9326.2
2018-03-08,2706.4,0.0,7765.68,0.0,10453.42
2018-03-09,2222.24,0.0,7300.27,0.0,9997.97
2018-03-10,2080.94,0.0,7177.65,0.0,9885.27
2018-03-11,2282.72,0.0,7398.04,0.0,10115.55
2018-03-12,2277.49,0.0,7411.36,0.0,10138.72
2018-03-13,2271.23,0.0,7423.58,0.0,10160.76
2018-03-14,1720.31,0.0,6891.06,0.0,9638.03
2018-03-15,2789.53,0.0,7978.63,0.0,10735.34
2018-03-16,2726.38,0.0,7933.76,0.0,10700.19
2018-03-17,2630.44,0.0,7856.05,0.0,10632.15
2018-03-18,2691.21,0.0,7934.97,0.0,10720.71
2018-03-19,2683.56,0.0,7945.41,0.0,10740.77
2018-03-20,2491.86,0.0,7771.74,0.0,10576.68
2018-03-21,1991.03,0.0,7288.88,0.0,10103.36
2018-03-22,3202.04,0.0,8517.8,0.0,11341.8
2018-03-23,3645.67,0.0,8979.27,0.0,11812.75
2018-03-24,3455.07,0.0,8806.46,0.0,11649.39
2018-03-25,3367.43,0.0,8736.55,0.0,11588.9
2018-03-26,3431.13,0.0,8817.92,0.0,11679.66
2018-03-27,2785.47,0.0,8189.88,0.0,11060.97
2018-03-28,1306.81,0.0,6728.77,0.0,9609.19
2018-03-29,2879.42,0.0,8318.88,0.0,11208.6
2018-03-30,3078.15,0.0,8535.06,0.0,11434.04
